frame #,zcr,energy,energy_entropy,spectral_centroid,spectral_spread,spectral_entropy,spectral_flux,spectral_rolloff,mfcc_1,mfcc_2,mfcc_3,mfcc_4,mfcc_5,mfcc_6,mfcc_7,mfcc_8,mfcc_9,mfcc_10,mfcc_11,mfcc_12,mfcc_13,chroma_1,chroma_2,chroma_3,chroma_4,chroma_5,chroma_6,chroma_7,chroma_8,chroma_9,chroma_10,chroma_11,chroma_12,chroma_std
0,0.012700588303354486,0.05259041549505997,3.206623090330964,0.0605289305586972,0.10595802431322217,0.04822827080241808,0.0,0.009861336086437992,-18.854015462188144,1.8869949885662445,0.41426684830256344,1.3324236122889943,0.5862446791769259,0.3049486707485024,-0.019074848211366416,0.024206734372787128,-0.06522220558570627,0.06840063861166701,0.011073848487060695,0.12429811125971589,-0.13509786105351373,5.298594119927248e-06,1.0389830983401834e-05,6.324702122915561e-07,2.2649981562740605e-06,2.5696254198571816e-06,9.591292821776202e-06,1.0742393764510672e-06,3.1465162885739296e-07,8.304171114282053e-06,4.531058622522185e-06,4.778893097273885e-06,5.401540362267537e-06,3.284232984226354e-06
1,0.01359950870884769,0.04459631529768336,3.2568989311699843,0.058153591147853845,0.0969454060473238,0.0767971077082283,0.000460640319869368,0.010021538297228502,-18.90252931412594,1.8732685831953315,0.5722300500792401,1.2661958747958786,0.4992673834342767,0.2329036915801554,0.09513571805469889,0.1710831616466678,-0.10857829863298946,0.1466855096978085,0.09204068546248802,0.18959657220250498,-0.0477846598879034,9.550056177682748e-06,4.155152275036238e-06,7.664501562760566e-07,2.046348344997415e-06,4.503468785005263e-06,4.097779233569504e-05,4.409844165679646e-06,5.4003113673634144e-06,1.283328300161635e-05,3.740108447628638e-05,7.707659211221206e-06,2.595195177287731e-05,1.3346238341187678e-05
2,0.011952971332449247,0.04710908983301328,3.2302407100949493,0.05357829484334411,0.08826782148477688,0.04557918893701656,0.000879505017043635,0.009985937805941722,-19.152802837661213,1.9840457172548338,0.4937761376729645,1.3510909565916187,0.5388084393116002,0.26396818522730175,-0.023442748161835114,0.1092159105898067,-0.0692836677838839,0.08667691383520729,0.017268635719397074,0.18325972611359595,-0.055435404142500325,7.582193067305253e-06,2.579308309678843e-06,3.6000281335081894e-06,3.6740592332661974e-06,3.7357994681144444e-06,2.302098310120383e-05,1.7597168881649005e-06,2.484073576744555e-06,3.314933365430839e-06,6.195058936230572e-06,3.3518800007627967e-06,4.021297462803574e-06,5.515226632628381e-06
3,0.014089019820749931,0.04026824906541133,3.207389091994783,0.06158777780579351,0.10795091541006113,0.05907263687318089,0.0007087114877691404,0.009950337314654943,-19.047736912449462,1.8456709324398337,0.4550138150416573,1.289550155369413,0.5445067869583964,0.34185275287223016,0.048785798969894816,0.07365618167514446,-0.10933454150971136,0.17987504599367715,0.11938881263933673,0.10507608220986392,-0.14837319862091508,1.0775435828076908e-05,4.704721384819398e-06,2.3350287871267483e-06,3.583833523322538e-06,5.640764295523592e-06,1.6032850649109364e-05,1.3636890708150171e-06,1.6895886338430824e-06,5.862309620969787e-06,3.400753239531323e-06,1.2592445412209165e-05,1.2956254299636688e-05,4.800890481856612e-06
4,0.013563907900709346,0.04790543651852212,3.268829247813045,0.056618744387962876,0.08483267400911552,0.06946094039991278,0.0004271194261292598,0.010003738051585111,-18.95051919683861,1.795308302489781,0.44797988003438977,1.3151020571150935,0.4771703766751414,0.24121298078734021,0.02831050643367264,0.07874194815760667,-0.06469380701647973,0.11016783243305713,-0.012589650944529442,0.12817642332813517,-0.10461970642545901,1.5547328202562606e-05,5.852928340357222e-06,1.532811003426013e-06,3.120601831936995e-06,3.536354310761594e-06,4.8427311375014615e-05,3.4353552304977883e-06,1.4345725497049155e-06,7.910584933151329e-06,1.1499376502672427e-05,8.839156073670448e-06,2.9322592943600667e-05,1.338012110225422e-05
5,0.011507961230719937,0.049127454379866806,3.2523895224828636,0.05766518252723062,0.1002619898758115,0.057278887270378345,0.0008071706063444637,0.008366115452393243,-18.829132684252016,1.868147860789811,0.5302069498425228,1.1457405102896034,0.49644490627790644,0.26567797199538745,0.07040286744455307,0.17228931566080746,-0.0638808785005977,0.12098684437434376,0.0788507841951802,0.12872693605519847,-0.029755864622181393,4.957883351383893e-06,6.527318426345607e-06,4.305866373911069e-06,1.1263249970957508e-05,1.4905798719413365e-05,2.633743054447185e-05,3.2793132438267986e-06,6.034231805267787e-06,1.3512712501490347e-05,5.62194717949023e-06,1.6506789973235296e-06,6.064544850246244e-06,6.582543538895108e-06
6,0.010057228299082389,0.08829911911958949,3.2712292729311923,0.052187572319571864,0.0677454363220842,0.05544381573336521,0.0010023299124584148,0.006675092116271204,-18.696030405607736,1.6722040123791388,0.700469187584978,1.1460593923347968,0.45928678769355724,0.19738067460873587,0.00838704337040469,0.2043907062536058,-0.002981123100084037,0.3691724450469657,0.1934859212517449,0.25423602257309164,0.1488251384833128,5.076674982121183e-06,1.1260511040741121e-05,1.2856404077592945e-06,3.4267418553062317e-06,1.3399664752143251e-05,6.589732254221475e-05,3.102862378131415e-06,2.4081526038220516e-06,1.1411141596649934e-05,8.865237011446438e-06,6.979969169258804e-06,6.252184652065574e-06,1.678650929100068e-05
7,0.01794280730172575,0.06020425541034932,3.215769908541333,0.05689152429250144,0.07819819981279738,0.07589627523739276,0.0008619355622457609,0.010021538297228502,-18.156966384484804,1.707987599787152,0.7262250324932698,1.0485244452001252,0.4371849807725944,0.3315985678814312,-0.15187282102745592,0.058026395812333036,-0.055689246327626105,0.25646049278514244,0.19580831872099264,0.07354047705109337,-0.05937081010604367,1.0449575624278307e-05,1.6113667435043163e-05,4.434379840420081e-06,1.2143717415318232e-05,1.718539007079337e-05,2.4672166680708993e-05,4.29241755674979e-06,2.527190089261762e-06,1.2253895155031625e-05,8.649426854453384e-06,1.4891939780184247e-05,1.3033540604521513e-05,6.006829338740371e-06
8,0.020959975791450466,0.03535627970617698,3.2706916937144985,0.06427080967869296,0.09362607054070189,0.1309955935587236,0.0005362695480610534,0.0158244183769736,-18.27145049313124,1.5563674768561486,0.6583728343904246,0.97343264260153,0.45267669098830526,0.40959180581640514,-0.05270592552813093,0.14026542998769215,-0.05623905123785335,0.249197461544941,0.12879666294738518,0.059203638740363794,-0.08176533052181059,6.580148527609502e-06,1.353582461392024e-05,1.66190893844457e-05,1.1013050635942453e-05,3.661656596414225e-06,3.078881569094589e-05,6.60236910660285e-06,2.3930360161979037e-06,4.538567698359577e-06,1.2865452389035925e-05,4.781379826120073e-06,1.8119681863673614e-05,7.80479309032986e-06
9,0.020256859830718156,0.056588956031651774,3.276787607037409,0.06068149531622298,0.08343419693840909,0.106616661595561,0.00032075699954815546,0.01189056408978444,-17.866539108775246,1.6010038419448303,0.741580908805748,1.0818076855929106,0.359403109935973,0.2882847710974449,-0.11654333681286383,0.12780603156689596,0.026469566041068666,0.2757647914435015,0.04947203174343542,-0.041218273092126424,-0.07088668228689993,4.684434639366708e-06,1.9949186126620845e-05,4.712749400142073e-06,8.404016596006622e-06,1.9795240681660863e-05,3.2057153932078653e-05,5.739552638428199e-06,5.097558320286242e-06,7.575846145729869e-06,1.532895685073292e-05,3.1316155674290112e-06,1.597224365453431e-05,8.453380730206082e-06
10,0.016394172147707754,0.04614727264266486,3.2905709606465434,0.055711333764781164,0.07897087232752976,0.08690443732188906,0.0003736625031348484,0.010537745420886807,-18.255301646955793,1.700344525922317,0.5917302375894254,1.090761225836897,0.4611001004575116,0.36714067323023303,-0.09800146819073288,0.08800648811890674,-0.07871916086726449,0.19229434569946952,0.12595453676199683,0.2425272064296303,0.10630263026172834,1.0152687586935072e-05,1.2167807265128153e-05,1.96852421924033e-06,5.401496226500835e-06,5.162612794980959e-06,4.119911894358471e-05,2.058270669359092e-06,6.968022691501923e-06,8.410180362404446e-06,2.5287077834455336e-05,3.8115815647674107e-06,4.25679828985729e-06,1.1041672691522646e-05
11,0.019277837606913678,0.04955766096483382,3.1964146800724524,0.058665134603601087,0.07310992217727182,0.11546632952870534,0.0005277699421960296,0.013439185460759359,-17.977787761228857,1.6420931316882732,0.7892923121330936,1.014093178519179,0.4368964763161043,0.296397702369691,-0.20536329166802395,0.03573048367300677,-0.020544796925972296,0.3140653011990291,0.06929307883410656,0.015370354590582357,-0.15722560806208805,4.456731089854924e-06,2.5304424092413348e-05,3.287865488064338e-06,3.540658093302894e-06,4.413614945533239e-06,8.225883412057256e-05,2.3932767775923225e-06,8.253837486215235e-06,1.1936997782703385e-05,5.4047979646210015e-06,1.3596337952815972e-05,5.3289940603969446e-05,2.375996266465626e-05
12,0.016812481643333304,0.05089091632201547,3.2377640048437613,0.0563063294616175,0.07258226282962899,0.0889980166272951,0.000651046859648216,0.01189056408978444,-18.112049763830214,1.6508832349745668,0.6024168288885621,1.0727662234531705,0.39440408724786896,0.33621573232785523,-0.24274143498976708,0.020573907810182375,-0.11476524278585287,0.16698251160095332,0.10640662028431053,0.08539663299032697,-0.0029543206416341936,5.654018132578382e-06,3.469351578517847e-06,5.993182051766101e-06,7.87356017317609e-06,7.092116796050175e-06,1.8388239200242293e-05,2.0926017871518776e-06,8.421128515160859e-07,4.1958530925270786e-06,9.68018504653812e-06,1.1503995635356154e-05,8.520547862521903e-06,4.520869508859018e-06
13,0.03277944409338092,0.06000459293125503,3.2206894235424444,0.1103055793001517,0.1461620962481057,0.2742215309044032,0.0004892972315037052,0.03344666156392958,-16.88211866181136,1.61184874080902,0.8140673982056852,0.6809052077925649,0.29763849908127693,0.357694700368662,-0.1656321498461178,-0.040063286923058314,-0.1340911104367462,0.17680334332812025,0.042468725556144206,0.05530851228655567,0.03520688541002754,4.255442631645335e-05,2.4335224549491902e-05,1.5126226686510345e-05,2.4610579257816782e-05,1.8340039822627713e-05,7.410646700967878e-05,2.6066676335707766e-05,2.1696431127750542e-05,2.360156075576729e-05,2.305372611618339e-05,2.325975592614518e-05,1.4771253370839456e-05,1.5558193839586193e-05
14,0.032281032779444094,0.09874844894218542,3.3037964716698016,0.11863549894858122,0.15181964648201435,0.2759329287883323,0.00015223899182277228,0.02308691859947667,-16.402017477786863,1.6260967618252435,0.918779136739637,0.5599184531237393,0.32221816029488304,0.2837188602045075,-0.1716697597053815,-0.021499136195683277,-0.10534366714557095,0.17729327725948757,0.013331839700809395,0.0053469636243681454,-0.031050728104898985,1.4870518524284086e-05,5.427074542228183e-06,1.9118902889213975e-05,4.605542541104316e-05,9.670639231996894e-05,2.639266220851662e-05,2.884674042931639e-05,1.8801719039773e-05,1.6130197990666674e-05,1.6659153567327167e-05,2.396057495822901e-05,9.646238922686234e-06,2.327914969929732e-05
15,0.03623272248280036,0.09263028112987788,3.3027114067716887,0.11488649316000919,0.14816571297026748,0.2865400711286227,0.00013180424178084118,0.03244984780789975,-16.4094359580774,1.5127170502307072,0.9087517601833253,0.5797283026609483,0.349622014726656,0.4446729473647618,-0.17988465016135982,-0.05471670254996415,-0.11594388102709317,0.24490714727872123,0.09837806568610874,-0.050895358063257574,-0.02884802568394435,4.0066054678980174e-05,7.367945412765063e-05,1.9740949772498388e-05,2.5084397224375235e-05,4.289966556337348e-05,7.648547135402893e-05,0.00013158547285822416,2.1639168474065723e-05,2.757578400678105e-05,6.258543518988624e-05,2.9285061564436446e-05,1.0935978902651675e-05,3.278902986471318e-05
16,0.03317105298290271,0.10066947270613225,3.3000189842093013,0.11619951321250087,0.14874521047141598,0.2711241552903594,0.00013557374320516787,0.029975613663468556,-16.437349024730977,1.507626305660756,0.889005869861442,0.5868795419092037,0.3938219838953681,0.3330146352263579,-0.18104723030782574,0.04486085644630802,-0.00782374463469064,0.24501660815702447,0.05660988703629072,-0.04991142063462184,-0.06898776675686095,3.182027259637691e-05,2.710586386993784e-05,1.514777214371869e-05,1.7288069257789368e-05,5.655166319106785e-05,3.885751438806908e-05,1.987268815439249e-05,1.6933581684298065e-05,1.180356127113309e-05,2.3996515836705604e-05,7.2944879776266495e-06,1.2533505311230298e-05,1.3211115818428891e-05
17,0.03527150066306505,0.09369712381756906,3.3043390189397317,0.12014938358989109,0.15215537161174292,0.2797212055813963,0.00021434716095409314,0.030100215382972285,-16.552444556991396,1.491900342800066,0.9244017748890656,0.5852354853166865,0.3836618787669793,0.5529792286117334,-0.10014942622778084,-0.029992960425289168,-0.15887588256503268,0.12060480605501386,0.004919707567778535,-0.00878140383621638,-0.03074131622980988,2.550381726037206e-05,2.7242817898681102e-05,1.0366895962138106e-05,4.9619719536729577e-05,1.5990599870204553e-05,6.355472393777607e-05,6.545707783378324e-05,2.0363663257723152e-05,1.4736196000045093e-05,3.344118237436574e-05,2.323594175696041e-05,3.456546060375573e-06,1.928183415079355e-05
18,0.027848732166220174,0.0614747644072884,3.1486685120189013,0.11130539434683057,0.1454289464194147,0.28382253347612085,0.00023667999950956518,0.0367575072536001,-16.937577418170587,1.45598052442932,0.9012066292193113,0.7670199327880756,0.42425632201015756,0.3452331281280509,-0.14717899683222568,-0.06321836728955776,-0.13587019588557084,0.18626458107576285,0.04977604057596954,0.0001354383383205815,-0.03767694839851307,2.293808579075376e-05,7.309728708284889e-05,1.0811546548202887e-05,1.5383156222238262e-05,1.70031389552275e-05,7.557864689122673e-05,3.7522072566876354e-05,2.8888116915153738e-05,1.169436927193477e-05,1.7958607849367557e-05,7.906450747085041e-06,1.820826503720103e-05,2.2091445326400456e-05
19,0.014596331336721344,0.043588391838777156,3.2531062392961116,0.059235941593331086,0.09706305729597732,0.0546553487368631,0.0005118681183425643,0.010039338542871892,-18.85126878589631,1.9415781801070162,0.5211520417274895,1.3556470855727207,0.42045144413111124,0.270386217540526,0.002272308243486395,0.09786254388860098,0.03484259953919826,0.0834259479876662,0.021381980520575397,0.09829432012679018,-0.04668929139205297,2.78219213661304e-05,4.348115064933626e-06,2.378074096727602e-06,4.187560124874236e-06,5.405179508500751e-06,2.385824990754309e-05,1.4989681573610605e-06,3.898996006208264e-06,6.078070292414262e-06,1.5771743204417986e-05,6.9540069632926395e-06,2.0516564061979194e-05,8.813112968917626e-06
20,0.04444760896072341,0.10256365253562198,3.2423477030881096,0.11849917287327251,0.13787452977878564,0.5043066229588974,0.0006118906374273771,0.0995567738834796,-15.980442220098404,1.0407175720489708,0.8476957216540522,0.6097925895351646,0.4160596574725646,0.37626012575106005,-0.22771924785879,0.0323029158534474,-0.025231489425496634,0.11500107441061337,-0.06966846358638891,0.12226723687391927,0.075668541804155,1.667756643642734e-05,2.354532208429147e-05,1.0739911515706127e-05,3.688999456468379e-05,1.1778278057472451e-05,1.877107134808914e-05,1.623806588881592e-05,1.2029894001867101e-05,2.165442944299307e-05,1.3473857949064041e-05,1.025895748747059e-05,2.6063951249797598e-05,7.519463810335017e-06
21,0.056453981505380176,0.11339599041144224,3.3137676331795927,0.1174774289862373,0.13237726048662757,0.5599921705522801,0.00014028769415296686,0.10601826305203012,-15.626123964362712,0.7379358136052387,0.6661657195486402,0.8013852320423047,0.5825675974559847,0.11916705746721308,-0.1644519595069623,0.10295499891801012,0.11284316172564342,0.29960220512306823,-0.09172931432610922,-0.07024180995591289,0.09608683793027435,2.9391291884217795e-05,1.8136655853635676e-05,9.183506384017469e-05,5.9504610764403074e-05,6.15482890084174e-05,7.204971701229811e-05,4.4155792287727754e-05,2.1590232328086726e-05,4.279973420149312e-05,2.8021862425777858e-05,2.9557675533081854e-05,5.875631834585669e-05,2.163940021730933e-05
22,0.05385512251128101,0.10947496098024093,3.308172656815204,0.11913608634507683,0.1355814473575012,0.551978907731844,0.00014919757218692116,0.10149700065860909,-15.586635077605738,0.7870936388314258,0.705321542107607,0.6168685580813568,0.4111291974933675,0.4202886373095496,-0.15831959284727165,0.008188473151229558,0.022704511186834024,0.22171524740414833,-0.03675734227605533,0.04042100160899566,0.14941447234812127,2.9158688465472292e-05,0.0005193652568819788,0.00010468401567124868,3.4636533282029984e-05,2.0415783724136553e-05,3.099283274786034e-05,1.4038644548197555e-05,4.5754576346560656e-05,4.269671779596203e-05,4.4958956113421236e-05,0.00016390546392897745,2.677620436345177e-05,0.00013574286610866672
23,0.05543045827140276,0.11343181310936246,3.3109524943076933,0.11794388976807862,0.1360790520730148,0.526245541141749,0.00010814072878768102,0.10103419427188096,-15.495727718547458,0.8016223773857443,0.6611521613538692,0.7805767569685252,0.30325357984948886,0.28443708994486117,-0.0069648767595272484,-0.03537629547544972,0.015292612695872794,0.31999108684672994,-0.10120491058142791,-0.12507057089105386,0.14766508729560165,1.2706888176620224e-05,4.669539514993251e-05,1.6858176026233425e-05,4.217517820725778e-05,6.848160531049813e-05,3.791995993090046e-05,3.744566666126297e-05,5.9640143298400786e-06,5.8220545498438245e-05,3.281932971080688e-05,8.77131386447966e-06,1.3038313687491224e-05,1.953857788228975e-05
24,0.049253718059399945,0.11469909868024303,3.3174871056464363,0.11395503814866077,0.13489902987287092,0.5254494324375191,0.00010403565024631922,0.1002331832179284,-15.581725952694146,0.8868588061094709,0.8190319283860243,0.6479946984676324,0.32813079604344153,0.3493004503388796,-0.15384290325303693,0.210240296796872,0.04600438797377367,0.20352477259750756,0.0036043345167999993,-0.0077595143292943924,0.022722391835651595,5.4045053975016454e-05,0.00013748511889273305,7.824327458582304e-05,6.527967401758647e-06,2.818571587273507e-05,3.847760131564295e-05,1.605595921943765e-05,1.4054187743513864e-05,2.3272108428916104e-05,4.35656277403439e-05,2.625322117964591e-05,1.75257937509447e-05,3.4949247116426165e-05
25,0.059132942317790614,0.1102606559739189,3.3051031089219474,0.11917256961358917,0.13680866716252746,0.5355476373137003,0.00011760217636160363,0.10053578739386604,-15.642250724584848,0.8864386034914178,0.7337044791347057,0.9383264657532846,0.4125778909470701,0.21674498342681683,-0.17465501907323477,-0.15210028196347444,-0.04767323636570953,0.3188246661530486,-0.10481472837413816,0.02272252439780628,0.24810991206640137,3.3962548163245675e-05,8.992233504993518e-05,2.3348057645934125e-05,5.137814136781292e-05,2.4796410120179175e-05,3.678143234431034e-05,2.9954165660656645e-05,1.5507164903567363e-05,2.8174640935971582e-05,3.2500090813113645e-05,0.00012769675118534925,3.5046629895063236e-05,3.10758044475461e-05
26,0.057824612618706445,0.10837372398000865,3.315236778933598,0.12107027202451329,0.13496355187542722,0.5851112908866385,0.00010563468162872049,0.1028676195731501,-15.407494289847849,1.004582037897062,0.8093719290046796,0.6739089158248976,0.326205137923518,0.24781749417580995,-0.18923077236840144,0.022754739110468918,-0.07418781115977992,0.304839755447997,-0.05140689292600001,-0.1466247099805673,0.14628628857904416,4.2630711325761365e-05,5.638543153239134e-05,3.365130323434371e-05,0.00015136575063134187,6.3066131216283e-05,5.2849374066612865e-05,3.213973382432622e-05,9.957473988033222e-06,2.8853754640694406e-05,2.007109927217081e-05,4.578853568082146e-05,1.6470597998655734e-05,3.5403841953005124e-05
27,0.0353694028854455,0.1065400190595058,3.3060605215291416,0.11176933812587263,0.1391193411066437,0.33245098592202005,0.00022766605165467212,0.03168443724523398,-16.21105602268515,1.6016912223400555,0.9641263271498909,0.0922719176011023,0.17510384578747712,0.5176853339380499,-0.00045464691554203407,0.2054807132421046,0.03467324357715933,0.34522858430585834,0.11691702893495923,0.031749838566932725,0.08003404354876886,2.558637184416296e-05,6.887420209954076e-05,3.027617936451609e-05,5.4901113772861414e-05,1.4963700175628787e-05,5.205699110004028e-05,7.799881073234114e-06,7.334622085092265e-06,6.275182728890105e-06,3.48769471874979e-05,7.040347386269991e-06,1.8656329683010413e-05,2.0474624447014246e-05
28,0.039071886931833354,0.09391355068142838,3.3059846239028525,0.11604808100799874,0.14301000398663238,0.3708044008443977,0.00018310491366051705,0.03983694974990655,-15.936677632217329,1.7981260023695556,0.8959450820662505,0.09323393643749826,0.14111360220270455,0.40170350879339956,-0.06567261817509668,0.09008701291434988,-0.0341702620293014,0.21482269964255984,0.02163137359587543,-0.040891340105169385,0.019962544470208666,2.9522564031639248e-05,2.117321008862085e-05,2.4704707538590612e-05,2.1213996361502728e-05,1.9512294175576293e-05,3.7280585906144974e-05,1.2473845890000974e-05,2.837339639359321e-05,2.0916740949711642e-05,2.8072501038149228e-05,1.6319428937183465e-05,2.4594777259964024e-05,6.320909794220369e-06
29,0.03609031925024698,0.09811418894583601,3.2982982748695266,0.12147714354881808,0.15403713611389647,0.29816569523650804,0.0001485189414581744,0.0267359689563716,-16.244114630002894,1.8748530171722844,0.860281130851974,0.1633869824752822,0.21146012452820728,0.5196366978104574,0.007181646200058088,0.11695390244209573,-0.04909961536834165,0.1319215502089556,0.012239295589179577,-0.006422890681914445,0.043290014550950544,2.2551799237337518e-05,2.8574237346909428e-05,1.4521383387732377e-05,2.6620528934973805e-05,1.6191749529474793e-05,9.843950613125474e-05,9.428178795639329e-05,1.8504184257905928e-05,7.34782493032059e-06,2.6203620462654396e-05,6.393102543345265e-05,1.3631497960658087e-05,3.0244171166836968e-05
30,0.034292478439260574,0.1101126893737621,3.2911482419213436,0.12158042526552529,0.1520961465266837,0.31711872070298697,0.00020970366538419668,0.026807169938945156,-16.198326660973688,1.8288686817543391,0.998835993298765,0.15526653427657822,0.20556913551409567,0.5191606015538497,0.06437817146304052,0.12069956728894016,-0.002205034481574955,0.32347744175296955,0.11213983084705242,-0.024867924327584737,-0.0014134068472290637,1.8041352001730317e-05,4.854989801812828e-05,1.847436859717265e-05,3.400883568892371e-05,8.035569336015992e-05,3.63905398254093e-05,1.5349784334156154e-05,1.7661305244259186e-05,5.1860246345249345e-06,3.424204099854321e-05,1.932035420601706e-05,1.238261955510558e-05,1.9587674273302063e-05
31,0.036072518846177806,0.09861285973607177,3.2887059558964595,0.11852359461629436,0.14573535734234455,0.33485723782632404,0.00010386858621437171,0.0293704053115933,-16.319214234086893,1.7960440490788243,1.0068169323824603,0.122167117726219,0.20750398545048104,0.43779719685025037,0.004428966509158517,0.1182340862962851,-0.014351412047986373,0.32164361488458126,0.07646386607595092,-0.023385876419050863,0.05734616776956486,2.053252942742714e-05,2.46329380966091e-05,1.716386560644861e-05,3.316627135418924e-05,1.5131693486659377e-05,0.00010774731621876573,2.9477750394890278e-05,1.8509737860346734e-05,5.883995462681219e-06,2.8514434123472452e-05,1.701680320897629e-05,1.4140426495638263e-05,2.521474590961621e-05
32,0.012264478403659762,0.022315480925063635,2.8843324981702088,0.06982346262569308,0.14095893176477906,0.01996260424452264,0.0009834298687556142,0.008490717171896972,-20.21097367416428,2.667345340188721,0.06379558541686862,1.0637260103070418,0.4525883661987758,0.5826619219057309,0.29307247906132494,0.3366550017286396,-0.24216478063410754,0.04035046724352141,0.042995570683280485,-0.0512465047589723,-0.11587786652976237,2.8127796315876873e-05,3.1823321657044745e-06,3.7371956286472033e-06,8.867499616461434e-06,1.3427737506255255e-05,3.740543716256794e-05,6.374392601463104e-06,3.706729126012947e-06,3.328515035631346e-06,6.257839515068646e-06,3.270745442420423e-06,7.860191288901104e-06,1.0555295257945898e-05
33,0.012041973352795108,0.05153150072299077,3.010594822028965,0.1019703109525443,0.15442018932040705,0.06641260312896081,0.0007853665874255846,0.008116912013385784,-19.18711326961808,2.5910215041569495,0.6857292791844152,0.9775910124476355,0.5602360450647483,0.3895850364530985,0.33472149403777,0.126546547061616,-0.14435889431997262,0.0578340270500676,0.13428491385966312,0.09550139748149894,0.003893495590986439,1.5202039524507852e-05,2.614585619726618e-05,9.869161119708207e-06,1.124298709049502e-05,8.939267898385955e-06,2.6552797528324203e-05,1.3997034508681262e-05,7.166878701618418e-06,6.65890346124541e-06,1.747545613268823e-05,3.925372614460698e-06,8.66192784832844e-06,6.994901459483332e-06
34,0.012380181030109384,0.08431645189336204,3.289505668852982,0.09913827328213068,0.14906866259848706,0.0795949542838833,0.0003897124208144712,0.007974510048238665,-18.518800203068437,2.4920987219501995,0.8713938733475572,0.8489727311167478,0.5263947509404276,0.4115937713178226,0.22393106684007424,0.10159478145483108,-0.05988522782668818,0.22411509986725348,0.13030059395470192,0.055979644781198934,0.06020010222859949,1.9913433670619056e-05,1.3358125078655835e-05,1.5041025127086706e-05,1.3827211005515457e-05,1.1757778901379944e-05,2.7443307660212165e-05,3.0861966992397676e-05,1.0629608546551317e-05,4.749692584769473e-06,2.1678204071719875e-05,6.165892791823556e-06,5.942494170915705e-06,8.030441432032782e-06
35,0.024279751150351112,0.07873312189045614,3.2821813326991207,0.1239159022535751,0.16531043387782524,0.15263841850093315,0.00036159614354035126,0.01470300290144004,-17.397475203047453,2.3551183068780044,0.18885511227683785,0.7395270029659264,0.7513803997664352,0.333005447469948,0.17821308782317263,-0.00035405905337288976,-0.17745824243927416,0.32456190983534294,0.016808610855639963,-0.1742485333281689,0.2792438944283286,2.8283529358065737e-05,1.437427184064949e-05,1.4327501826099572e-05,1.4778494332494907e-05,7.658575096323922e-06,4.6963803938552574e-05,1.906635136197215e-05,1.66423415959569e-05,1.1936170636981633e-05,1.8014295507383853e-05,1.3218442680675236e-05,1.1862078676606353e-05,9.953188524077416e-06
36,0.02724351842786831,0.07860250736899979,3.279518015270763,0.11912829656790057,0.1639383261920597,0.15882710801408048,0.00017745330538224626,0.027394578045177025,-16.969925219591293,2.1500922616559297,0.0503654329590042,0.6606123440027161,0.5436789866387455,0.3546960696539134,0.21408403125765746,0.12457460533029074,-0.12770301715217425,0.36367463310851833,0.20777931256814183,-0.05404568235210856,-0.2800207480558773,3.0536950150858566e-05,1.434169854910318e-05,2.0763602535312488e-05,1.6086952768493324e-05,1.7324771094338635e-05,3.577093259374849e-05,3.310472848847041e-05,1.6089487736581782e-05,3.4624589256619315e-06,1.791355773987766e-05,2.6635125354067243e-05,1.7454444672464844e-05,8.768767979884566e-06
37,0.02653150226510142,0.08706825834390038,3.300660550878764,0.13445964895705986,0.17914670883736278,0.16368961228085205,0.0002854893559709721,0.009576532156143755,-17.391155470374827,2.028235418067167,0.7446272718981639,0.5848689354289279,0.3591994576738431,0.5718290778398911,0.11918491362979526,0.39507289916314814,0.041008761512034614,0.0523381480016135,0.02407989693747656,-0.07815697354340062,0.07340960816311115,6.619612334743969e-05,3.0170142143877947e-05,1.9163582435931644e-05,1.728666529768933e-05,1.889903668033582e-05,3.9650126518783685e-05,2.0630085381327318e-05,1.6372847005181015e-05,1.0936589321159455e-05,1.5990783610596954e-05,2.2047004677989493e-05,1.0229926172093442e-05,1.4876529391625978e-05
38,0.0153973495198341,0.07834675293405456,3.247624965438053,0.10894799471927438,0.15428272439541804,0.10791900007436486,0.00035547528822741997,0.008989124049911888,-18.122197423504105,2.4712786174745265,0.5336054464292415,0.8365224407151421,0.4961925525747099,0.40050620594075576,0.36357542562303935,0.0037399471708963183,-0.13130683459849224,0.0935827403675783,-0.02022092662618008,0.34040268574652444,0.21277362717963821,2.731831740055814e-05,1.3803436118700933e-05,3.0950605756017816e-05,7.953469313270686e-06,1.5746799201680547e-05,4.657485939352016e-05,1.6071350244045977e-05,1.428543142934965e-05,7.07563826234103e-06,2.7909975921072884e-05,2.3219962842609044e-05,9.455585196608624e-06,1.1107586951114867e-05
39,0.03018948530131634,0.08361816656108975,3.283842538478554,0.1269702280988786,0.16638880595654512,0.1759881872138003,0.00026025472417009663,0.01482760462094377,-17.16096136658359,2.156583363365125,0.6252434689832256,0.3455242106123797,0.04717347225504974,0.6389234415033902,0.2775027337038517,0.409306825687041,0.040378009065738366,0.12773588170350106,-0.07917363300581312,-0.1025972505798579,0.06862232922923925,5.5615651986300644e-05,2.384096554318906e-05,2.1759725546608616e-05,2.051706017799229e-05,4.626659048889161e-05,4.4853198121797064e-05,4.732409722474703e-05,2.2796908736236047e-05,6.772953719943087e-06,4.229907243799469e-05,1.51937714831981e-05,2.858029712920451e-05,1.4663724935729815e-05
40,0.022971421451266943,0.07418558408954364,3.2741560172248585,0.10621223234539984,0.14820454670738964,0.1526634363428551,0.00023365332248024998,0.0103775432100963,-17.508749090043935,2.0984376680218255,0.8588346128156119,0.5545708451896046,0.1894391393542638,0.6039922479012828,0.21376465203741268,0.0951925536458742,0.11891764685851472,0.2993827439567088,-0.06780386954601372,-0.09224980483555595,-0.22820931641209263,2.6525572798041187e-05,3.3481512147655204e-05,1.4994500339651237e-05,1.3152755455481089e-05,3.3374750696985425e-05,5.917880308849893e-05,1.9237106046411868e-05,1.3087451486973038e-05,6.4660054211772955e-06,2.746368697634087e-05,2.889330254258479e-05,2.2615461785115327e-05,1.3223732227959437e-05
41,0.01828991518107461,0.08181634605671036,3.2762218927373326,0.11768895983613349,0.16685663628511074,0.1226549585795529,0.00024980510290953736,0.009060325032485448,-17.78038608697324,2.3737628528107004,0.6441708369971093,0.769917053751592,0.49868778499031235,0.5077927484560836,0.15264253862982152,-0.002749547570417285,-0.005255598329935669,0.13323538124707912,0.14253529840307144,0.11944912590793208,-0.05935464056034257,2.5388977099690734e-05,1.209523750401153e-05,1.575523440436215e-05,8.145964343826509e-06,1.0153235030933235e-05,2.2652413624694055e-05,2.3875325299291502e-05,1.1264985922446275e-05,4.733205756671575e-06,4.715221481295575e-05,1.706106506107576e-05,1.414883841332106e-05,1.0782737710375368e-05
42,0.023994944685244355,0.07751005945642117,3.2535893232155972,0.11677997774312841,0.1632187303890721,0.13920784267014266,0.00026121967055626186,0.019918474874953275,-17.237512713976542,2.5144362176181683,0.018470985265133424,0.39209355306102167,0.43575369874260056,0.44010842512546994,0.5403686563847476,0.16626966314474984,-0.05329144862798396,0.2315810195626354,-0.12261974625754661,0.03419954073708993,0.09281530668605688,2.7903531595702926e-05,1.7586304343079452e-05,2.553756965041787e-05,9.745662475241011e-06,1.4873175454988042e-05,4.9216110276536246e-05,1.7045223895208648e-05,1.9608088636901654e-05,5.847082934628233e-06,3.52980435144226e-05,2.9799228063960367e-05,2.077654872436625e-05,1.1298100426957734e-05
43,0.031533415808538856,0.07661689585997722,3.285184204299787,0.12929936800951253,0.16539523123520766,0.19988334767630583,0.00018057765057113542,0.020007476103170222,-17.08414754047175,2.269629107061145,0.17251403093222786,0.5759704100289781,0.5850358972091014,0.38492443272441024,0.32983619983820667,-0.11403449653242527,-0.02025028236509778,0.3246754463299779,0.08954244214621225,0.057199676045460376,-0.23189847727513677,1.8373478888608275e-05,1.4615904302471436e-05,2.030573794620056e-05,1.2552788885266392e-05,2.3791936098431527e-05,2.6258337343337528e-05,1.3700800184135267e-05,9.00397909530482e-06,7.86118673709061e-06,1.9550557839535653e-05,9.205597307173024e-06,1.9230403898046062e-05,5.723459109059065e-06
44,0.020301360840891087,0.0733587316396132,3.2776578026862118,0.10787687515220698,0.15533265342960886,0.11511894811220137,0.00026140603475527065,0.009612132647430535,-17.68918948232719,2.4195052341366283,0.18914462173094057,0.702676282687368,0.7548676158955963,0.26370021913255204,0.2570373324277044,0.12278347251392849,-0.01702597695268615,0.2934091428530441,0.037051853060800964,0.042549665077722836,-0.06340095707230511,2.252789478418652e-05,3.0056867667490375e-05,1.8850707371184665e-05,1.64433932950173e-05,3.4171281119450074e-05,3.2348943815650575e-05,4.1166180052041356e-05,1.50322327266836e-05,1.666640655681365e-05,2.306057647376374e-05,1.639581103309814e-05,1.9449300222150952e-05,8.183551277997435e-06
45,0.03917868935624839,0.0947293248637817,3.304802308446634,0.12048602759802479,0.1460090593959186,0.35193043303701943,0.00027693512011298376,0.033019455668488226,-16.136397832136193,1.7596243570487857,0.7112916585055247,0.23859827450643833,0.29149508936235474,0.38934991602282554,-0.019327099175000167,0.11226327082577145,-0.07503019023389723,0.2619340760740401,0.10410227049065411,0.015761206048386444,0.05353902241291087,2.974935795151581e-05,1.854183602151508e-05,3.559760005576281e-05,9.193270627899208e-05,5.743091692785806e-05,0.00010577168917453112,1.7199753632386832e-05,2.30790920776262e-05,2.295235030905604e-05,6.0102236032301765e-05,2.1543108096515487e-05,2.0107297412717344e-05,2.9012788615433053e-05
46,0.0534724138237938,0.12000172466890202,3.312459885846902,0.15146785229215348,0.17057220394690759,0.5349484350230874,0.00014569361910158826,0.08909022944516634,-15.189567545325502,1.3497055012109576,0.3681333561160728,0.31237289003571045,0.20768545333512783,0.5788227663438534,0.11888704058964047,0.01403881056518806,-0.19584163663281212,0.0850260609028522,0.07521084574384884,0.33532643713537347,0.2115704427452162,8.380693682066373e-05,2.8558363389401025e-05,3.631114598661226e-05,2.2084298156142368e-05,1.8303235943923888e-05,9.280868071885402e-05,5.2572156688418565e-05,1.529876283918586e-05,0.00015143216204870313,5.769141092641792e-05,0.0001497530332933034,5.8905220700478725e-05,4.532867512686855e-05
47,0.05084685422359088,0.11748005809192641,3.295063316595191,0.1322037980133005,0.15657682464985753,0.41843117601528124,0.00010990263230932311,0.06950995923743748,-15.31458647159724,1.4432421802259396,0.15097553507771688,0.3220698235409468,0.23420670063458382,0.42186310882526257,0.08533422742295636,-0.02422644880141537,-0.003037805286786391,0.3318587908933487,0.17715869305526538,0.034829136852340445,-0.3245215978369319,5.2458802150380514e-05,6.455964441279823e-05,5.872964397668257e-05,4.9632369383482896e-05,4.3527793598982026e-05,0.00014719996726812203,2.4481973949056402e-05,1.6901909287495193e-05,1.919984212894389e-05,5.362534540696557e-05,3.753835176754054e-05,4.276727440840106e-05,3.25201746739497e-05
48,0.05570636453447493,0.11542624193679785,3.3059006394761776,0.14138568432282042,0.1642084611788538,0.5338056912403809,0.00013042909236469884,0.0930418839779989,-15.29474654072959,1.34163361620626,0.6687798728870609,0.23953817585533377,0.09573090943063439,0.5801445506173767,0.06014476010737205,0.12491192688651494,0.14540147461395228,0.20065373939999098,0.04697518994618403,-0.024048700144693437,-0.04799362358637155,3.604346458511149e-05,1.830641597649638e-05,3.0280652524368324e-05,6.321231899568652e-05,4.0532296107721856e-05,6.738980558813068e-05,7.982488680506912e-05,1.811199837367842e-05,2.656569137388451e-05,3.9719841736354504e-05,5.3744734686208205e-05,0.0001410102481018084,3.290734823768483e-05
49,0.04793648815828119,0.12134597630491516,3.311403466454063,0.14667964127097344,0.16658608112011297,0.49482628732066414,0.00012185035509078583,0.07974510048238666,-15.269906056819483,1.2777069512151313,0.4350141165022292,0.3844688505398799,0.23344506832327155,0.5593274985418342,0.05183722941765322,-0.15854917204830551,-0.02722706545346819,0.13748995541101433,0.02307600295940144,0.31935368143445686,0.06945662086521615,0.00012229360886975492,4.136821770924126e-05,3.5753115445722136e-05,4.588103419501642e-05,8.005661296041192e-06,6.0326186040951075e-05,4.795506257455425e-05,1.1237862493041808e-05,8.180557173249505e-05,5.643801110911839e-05,1.9848475819832825e-05,0.00010480533365228551,3.385892145314492e-05
50,0.056436181101311,0.1132356331533403,3.304894980698771,0.13069507387458246,0.15291111557580314,0.4246550171359473,0.00012685313416723964,0.07712846437280835,-15.213676447933915,1.2714247708069788,0.16517884655904003,0.5656167026853512,0.2220763592641889,0.5771328629757675,0.08081622238641319,-0.2991724078099929,-0.23935810592281076,0.3088413993779844,0.29066182066519297,0.1708701937423021,-0.25927812095368186,4.2292108890569014e-05,3.801909280983245e-05,4.33456907459295e-05,4.2281491110337345e-05,2.9989787902889583e-05,4.688001386831663e-05,2.113558225115395e-05,3.498312571133005e-05,2.6118174985060563e-05,6.283304571323455e-05,1.5538682698953975e-05,1.199348764219028e-05,1.3854217267217126e-05
51,0.048123392401007506,0.11851383329419797,3.309757222985793,0.14254023357815077,0.17144080561462094,0.45826951312126873,0.0001312039902816055,0.07784047419854394,-15.338020482222364,1.5532293426485282,0.5952633964564935,0.09479819220483637,0.12456230219258835,0.41371818368691976,-0.019263428710833974,0.1543713560491395,0.15968936579572063,0.35423957506556203,0.12189751366977591,-0.0040011801151572934,-0.046942310164712536,7.86608715519538e-05,5.392093115877919e-05,2.047468264047386e-05,9.978277218288913e-06,6.270956589483139e-05,7.978846644072943e-05,3.5542852330485866e-05,1.6297531533631857e-05,4.419717615123871e-05,5.2740440824730804e-05,6.140338823471302e-05,1.6682137025333182e-05,2.3460069744409994e-05
52,0.03734524773712363,0.034553092525845305,2.5554595200777217,0.13776986673871772,0.16549514864076864,0.31175010768380884,0.00015184622887227567,0.02232150803681091,-17.813843343536018,1.8402601527686175,0.9074416849495035,0.4865378482535714,0.07755441288501848,0.4683888334942205,0.02054789676863453,0.02524019612106887,0.04290237337400785,0.14960560803787198,0.08060694901523516,-0.011779088904915865,0.04326327192083567,3.0001070529835617e-05,1.4212499929186907e-05,1.613075207543119e-05,1.034855433902391e-05,1.51987855487357e-05,3.7498731001753825e-05,4.6142361996442424e-05,1.629828439053738e-05,1.0922734761776751e-05,2.3535060900936537e-05,1.4341113582673195e-05,1.1428576490638814e-05,1.1050444836453117e-05
53,0.010075028703151561,0.0294418037348295,2.883091100532871,0.07929548720263335,0.13721956298975913,0.03998995807498762,0.0005464010310182624,0.0068530945727051035,-20.126282341548254,2.4196549948315287,0.5953853171327936,1.0047001969560845,0.6611336424322491,0.5567629952170174,0.35611580387319836,0.2557879728521856,-0.2057728729194885,0.07200088419822552,0.18749660566340115,-0.03566883502426635,-0.0861633946924896,3.865585658976169e-05,1.308042904138736e-05,9.544796036018304e-06,2.5463549724275134e-05,2.8821240918538226e-05,4.119386878209625e-05,8.75389580206056e-06,2.0966009094063355e-05,6.198047028994342e-06,1.8126234868340626e-05,1.8114600104809662e-05,1.2385616550536976e-05,1.0973005696851156e-05
54,0.017408795179650577,0.06636644360135391,3.271338608531895,0.10839264872452688,0.15004097940857813,0.11752173314377785,0.0005465664150500688,0.009060325032485448,-18.545584294209846,2.5460004464459,0.878931721376236,0.859111860693858,0.4919682076964062,0.2913785644334305,0.1930721180472803,-0.09356276918821485,-0.09482109544477667,0.19595757173040787,0.17557584433768353,0.07582891815567537,0.07911244881190198,2.3100397734461508e-05,1.2051085042723652e-05,1.755382135172102e-05,5.820521746929979e-06,1.4177585563986302e-05,2.462875728896215e-05,2.5179838173493337e-05,2.5876242576434743e-05,4.276362498736068e-06,1.1573064917913133e-05,1.4891646935397175e-05,6.5628680618996315e-06,7.503585761128817e-06
55,0.022161503066119602,0.07247516709324679,3.2929984377298034,0.1278138475751826,0.17148811096854805,0.14765942654299144,0.0002796449927914233,0.009861336086437992,-17.890793011552663,2.3513685526417234,0.6064430398943139,0.6177181739117192,0.725080509790103,0.29152675158292035,0.0880604821948213,0.3022951114522361,-0.27067678201145423,0.0585452001544694,0.10583167886371683,0.07276154684346736,0.138799286367144,3.1992830779805465e-05,1.6115479015523672e-05,3.25138191005704e-05,1.7323687685413775e-05,1.2636481904423102e-05,5.084737538387733e-05,6.649418769078201e-05,1.6979220507337058e-05,7.5519731829864395e-06,3.4954731612389565e-05,2.5842362724042362e-05,2.240629204378495e-05,1.62153949457562e-05
56,0.0356275087444485,0.07134321728684447,3.256774810326099,0.14771702206874723,0.18640776404360831,0.19597378145146738,0.0001872489902124483,0.017835846134676658,-17.238326355682016,2.369432868773321,0.19397584472938745,0.5282568098038818,0.3442643756608952,0.40683532444357173,0.2355337547211421,0.08660211729542619,0.07901399279399043,0.3181082756438063,0.08546061622745627,0.03024914828614564,-0.33390346212663624,4.436396006370469e-05,7.515933653232444e-06,3.232313561682085e-05,1.5547239402135305e-05,1.6096760549707495e-05,3.2208319388480596e-05,3.513285126963505e-05,1.705375751592681e-05,5.8509523124013685e-06,2.038747673881962e-05,1.4161994711696404e-05,1.0462234628036744e-05,1.1684120296927605e-05
57,0.03063449540304565,0.08396976566514264,3.3066755963588417,0.1287703396170595,0.16562577708493068,0.19414154164557523,0.00019458366436554602,0.02084408764840955,-16.922002276217945,2.2953651517955382,0.16460725132856652,0.5437425280963784,0.5505681116129565,0.2949704372864874,0.3282890141769196,0.2626086049408475,0.01120740422268788,0.07118696061140961,-0.1911155765286044,-0.013537831143513666,0.08547658348428147,3.775685437708874e-05,5.36574485874085e-05,5.8597727303143785e-05,1.5408255512935726e-05,3.0781374947778374e-05,7.929382955618794e-05,4.8603970282362494e-05,2.317277006912098e-05,4.8240954170534046e-05,1.4991541920495092e-05,1.07421112199904e-05,2.4034484498624912e-05,2.006690514273348e-05
58,0.016278469521258134,0.07510675695559846,3.2766617806605822,0.09996450271651455,0.14541904639570982,0.10453391538119476,0.00027832834650435754,0.009078125278128839,-18.05740178144377,2.4473318099775807,0.4408719757692944,0.8100885320801191,0.772344256189331,0.21331460973469302,0.19589156341737118,0.11423919249122977,-0.1485914638977326,0.1260055458718159,0.25341518898805404,0.16447801049567531,-0.017870145567171862,3.945049956331417e-05,1.3320529895258179e-05,3.9833733997872135e-05,9.978489449017523e-06,1.5737000007893773e-05,4.009912403985636e-05,2.3300522156145277e-05,1.8734571061078217e-05,1.1935972921626705e-05,2.3673426971479374e-05,1.7681018015108687e-05,1.4455519227577988e-05,1.0800298119858242e-05
59,0.027065514387176588,0.07083482505506465,3.2954126158342656,0.12342342153799822,0.16929296218561288,0.14297027034980053,0.00022585270359085622,0.018565656206055645,-17.40941144260415,2.6118118189489072,-0.009192849440568408,0.46290324874336397,0.6287010584716927,0.3446640683963028,0.23761700806427186,0.16280041024941422,-0.07931968204055231,0.007623872921430644,-0.03807874835147747,0.04291809576677369,-0.05111327670420211,3.5135641579850514e-05,1.0558716214676502e-05,2.0905521485160488e-05,1.1930208700550991e-05,1.0988573194794767e-05,3.755003950547417e-05,1.1899442092500658e-05,1.7094413253727458e-05,7.465886223561056e-06,1.8902684710242063e-05,1.2678004695768608e-05,1.5128306008981287e-05,9.170940408174577e-06
60,0.03242343601199747,0.06337730224453567,3.2627504558998335,0.1259508360942163,0.16721669913405263,0.15710910541986614,0.0001895764992629208,0.010769148614250877,-17.690646135801952,2.333864667036088,0.5320566661826657,0.7253295576416176,0.3436515359455483,0.3480994146378171,0.11861036745362236,0.14140820562532405,0.1065621691449171,0.1789367365043128,0.12844033968550378,-0.07929183008396623,-0.13665323811156835,3.404720908199589e-05,4.4624930595782466e-05,1.343866573301706e-05,9.929344225896291e-06,1.4534175710397712e-05,3.345542970042625e-05,2.053946197286261e-05,1.6861812460060105e-05,8.465903475778508e-06,2.753187990114888e-05,1.5621720084722134e-05,2.1012901319329147e-05,1.0589532387164478e-05
61,0.01909093336418737,0.0749856077387558,3.302530387845578,0.11633965450036673,0.16716148840479308,0.10040835715441335,0.00018952773101212612,0.00900692429555528,-18.147182472639415,2.6332355891873966,0.5441651044188555,0.7280449186507675,0.5110257951175552,0.3415238796960873,0.392568702943988,0.11981877216257135,-0.2267727590366185,0.07971188011858431,0.061050951446975366,0.1454348688502604,0.12233056200698338,2.9873831998914804e-05,1.831797818670708e-05,2.3864917549990387e-05,1.000696824645935e-05,1.3445746635160334e-05,3.18677239360218e-05,2.999132437361616e-05,7.754933852346237e-06,1.4189812310627363e-05,2.6141707495943046e-05,1.736751767922497e-05,1.9982071019647326e-05,7.780547481274008e-06
62,0.033286755609352334,0.0680394483284993,3.29018195267634,0.12791224968998754,0.16072293195483084,0.21508790898530838,0.00023080289560869783,0.013510386443332918,-17.501310304758,2.1288674777841035,0.8002699135202427,0.4279430493423443,0.2122013501376609,0.7108816809305759,0.27700026367034797,-0.017874120880966723,-0.16222377796798,0.17298443614100506,0.11399616415240134,-0.011240025743836424,-0.013757765667005269,2.201984854521195e-05,1.3439051096435876e-05,1.9262599818314395e-05,1.1641512430385733e-05,2.033358225491854e-05,2.5627078007728068e-05,1.0661208445052936e-05,1.1701277619783257e-05,1.1746642446603475e-05,4.4551283850563816e-05,2.2843978927496032e-05,2.33584709989648e-05,9.105778283833334e-06
63,0.045782639265911335,0.07593492540223272,3.2756376233269155,0.158116552146178,0.18888217583972022,0.28957228663764084,0.00016679192133485033,0.0416881752968191,-16.63396278494754,1.8961276519967467,-0.06768393237618124,0.7847921794463395,0.6773253190471518,0.12073048448779627,0.3039514360157552,0.11756340340905916,-0.061746221141298144,0.28710137750593195,0.10552360855200765,0.24637605008308336,-0.24776498854247578,5.811974269136848e-05,1.1270601535926875e-05,3.270772486067829e-05,5.766623890063344e-06,1.579134396295229e-05,2.8301038304290406e-05,3.2065303344296255e-05,2.4078520640574516e-05,9.095975499441963e-06,3.948295932181546e-05,3.409380297137225e-05,1.3384016148108127e-05,1.454902999457805e-05
64,0.046485755226643645,0.09883273397506985,3.28079377246418,0.13260675242138775,0.1573073703346227,0.4077838831847056,0.0001378618856304023,0.06406308407056018,-15.808018767108466,1.0164121671233224,0.15246920000491831,0.955352598871066,0.8471791157045702,0.0756297371686727,-0.054567145629668225,0.10133979385783853,0.43344793414085836,0.49797228777144553,-0.06662548004990342,0.005262000881278392,-0.03778872677447742,5.286265522186471e-05,3.477512260771247e-05,2.4441790899631345e-05,3.045689224425805e-05,2.6567856839970478e-05,3.063676216984851e-05,1.4454382650978744e-05,4.651738023934191e-05,2.6970201447822474e-05,8.72703322733006e-05,2.2851427727231982e-05,3.74575849736686e-05,1.8319008965422682e-05
65,0.047856386339969914,0.089777083282965,3.295960261874408,0.1358494962748214,0.161048076178066,0.39254907937287364,0.00013778188031823293,0.051015504013955396,-15.980756907761792,1.6172572812785506,0.4484809444833658,0.5394893181619047,0.48105765237162024,0.25957010819343174,-0.0070104653910963745,0.09407680657704223,-0.020854453047915705,0.24656961348650444,0.04494811390692054,-0.062257646550661835,0.18908537202538128,4.360018873619878e-05,1.088117594782374e-05,4.4763046060470676e-05,1.3596477650303365e-05,5.3120736068902525e-05,7.286872575270874e-05,1.6758649072822946e-05,7.672659903438455e-06,2.76526254983799e-05,6.71445806934787e-05,3.5186455469122153e-05,1.977257306269055e-05,2.114660220253e-05
66,0.05197717988198332,0.11175657500606806,3.3064714007898575,0.1564049025795835,0.17300931705565395,0.48608768474559144,0.00016059089452065013,0.07864148525249648,-15.60181829316904,1.497234842660252,0.6314678643363313,0.3221990732335095,0.2085298242426431,0.44240506877820773,-0.005633175055322005,0.09126773565721168,-0.1067382846436905,0.02468296477021606,0.1427926121572053,0.19939608032457545,0.07755160678746045,4.1249916569190416e-05,4.9296954047420265e-05,2.9175304095479223e-05,4.235739016975365e-05,4.230177382264059e-05,5.549436268506223e-05,2.829719425426542e-05,1.4824082301076867e-05,2.7711881176502404e-05,6.242168814147982e-05,8.183084115483477e-06,5.539764676408937e-05,1.6033349323471232e-05
67,0.04661035805512785,0.12187044794133109,3.3154931877578804,0.12704172278958117,0.15291814775948118,0.3610943768802492,0.00014837111333013174,0.06381388063155272,-15.47975826474518,1.2799882017719737,0.2359111666334391,0.4525444200381298,0.258050642997668,0.6474329129416768,0.11619051332274753,-0.23996132298357498,-0.11708463033741173,0.45942164570139554,0.30904001170555506,0.10681438389226952,-0.2781340512311605,1.572720510929478e-05,1.0719927528538218e-05,3.254561031352371e-05,2.3278613135807655e-05,2.5584732525348296e-05,5.277501780662519e-05,2.2029180660520966e-05,2.5108830969437656e-05,3.9072459636003616e-05,3.695382953223635e-05,2.164642810350615e-05,4.550420814613449e-05,1.1855875074573629e-05
68,0.052270886549124665,0.12401784975232737,3.307547877944151,0.14805460702358827,0.171567238851807,0.49342769647279916,0.00016453860432837902,0.085832784492426,-15.336637466933349,1.4955338187710028,0.7360400457207136,0.20612630370763663,0.11020675130612004,0.45039432520704137,0.057176850544981964,0.2820731756509828,0.14427812731445608,0.14841741819116078,0.16238267545897306,-0.01970833909086468,-0.12834864033372512,4.687365769008181e-05,3.359884847442101e-05,3.059044832574911e-05,2.6666333982875347e-05,3.110603863472893e-05,5.7446408655948563e-05,3.674564817722238e-05,2.293977174516523e-05,4.780552545722744e-05,8.088140158084438e-05,6.814310046426485e-05,8.763856686759285e-05,2.0719959070324293e-05
69,0.04706426835889175,0.11641971900935279,3.308571404157774,0.13164268438167204,0.1611550184455206,0.4195003667452079,0.00013176514424261261,0.07926449385001513,-15.253864386353145,1.3129600248046722,0.31761984458648695,0.2723339104124432,0.28591283285038616,0.7615568395222831,-0.04419001116221952,-0.0571754825645574,-0.00412859589240205,0.046238067248625295,0.08952232806569328,0.23449671300690597,-0.07152395676964032,4.365526223779804e-05,9.208894400361599e-05,5.050756680025595e-05,2.758282904526694e-05,5.344674197238388e-05,8.95384129114247e-05,3.5273908984081296e-05,1.31329170614626e-05,2.5838912260352263e-05,7.193085486626671e-05,4.818029456495028e-05,2.8287147943493867e-05,2.4100592915026266e-05
70,0.051879277659602874,0.12351212272161222,3.3118485922741274,0.13943404666725664,0.16027602557280238,0.4452597438806149,0.00011470446944225604,0.07725306609231207,-15.201420476388018,1.2538729903943726,0.17143537797678055,0.4729769088043414,0.33717363364675385,0.6024399877631428,0.2216540203871043,-0.1640309213600595,-0.23664213169309428,0.21428260873855065,0.21580979846512421,0.17796746420257184,-0.13936369779120947,2.712291303483243e-05,4.4494666012598456e-05,0.00010204996318589497,3.870226484742243e-05,2.378368722795404e-05,8.019025064660124e-05,3.7416022018181e-05,2.9481039409760318e-05,1.704349712168411e-05,6.372495643838879e-05,1.6356226779708657e-05,6.616660079010613e-05,2.581693726333296e-05
71,0.054878645745258414,0.11105431560402035,3.3027455306401308,0.13792241931305063,0.16171013692370848,0.4659602860002271,0.00012482305169137856,0.08339415083928159,-15.246754498437271,1.2095294166605688,0.3417590158036592,0.45829017549536333,0.11997563843749812,0.4276369509557213,-0.05951852327529481,-0.05487066953434097,0.17547143344360117,0.4590916136523501,0.16387238984969338,-0.10333771674079587,-0.16993035873198964,6.628461968679818e-05,6.224545889465029e-05,3.3286439495898746e-05,2.9475538094850837e-05,8.214265088239296e-05,8.886201113261423e-05,2.45525767176497e-05,2.846308978984043e-05,1.1163535104837e-05,8.04615523485906e-05,0.00016351266999741173,9.786427040837603e-05,4.084730971403753e-05
72,0.06034336979449433,0.12464430723717214,3.3169635495650125,0.14495155012684896,0.16316515467363105,0.5215542666768721,0.00010610543229877149,0.08277114224176293,-15.197872625647797,1.2345163913133566,0.14852641263190694,0.5769846741266298,0.6288484943978865,0.19713670134523997,-0.21351365206799489,0.17975609049454533,0.1729808463763356,0.10479838693821265,-0.11232158313259533,0.1528160448231421,0.16715985351541113,5.8575289926286186e-05,2.1528566831263172e-05,2.039762678106099e-05,2.916669200871783e-05,3.392522131651161e-05,3.134397819767568e-05,3.369971063495456e-05,1.3347333992238339e-05,2.98816211693328e-05,3.934110526879679e-05,1.2467978900375018e-05,2.844138830840982e-05,1.1836797545542388e-05
73,0.07147752253976165,0.12615954900519316,3.298170939909876,0.1618967828360424,0.17002321868666717,0.7445022318563871,0.0001073608301804795,0.1092045070221969,-15.174074357739627,1.013506521670958,0.5402152437082166,0.45987938049498184,0.08638164107345571,0.29549514594704357,0.10831146601347343,0.5405859712502326,0.14549867139769745,-0.07603301879287698,-0.04165688450415267,0.25481389074848215,-0.08267800680928043,2.756351431458057e-05,0.00023772279949883673,1.8333752137968215e-05,1.2207240423979215e-05,0.0001448522175414644,0.00023135771296117443,1.8101135709172678e-05,1.3955296499310453e-05,5.5880149920050705e-05,3.057763263662983e-05,7.6610693427861e-05,4.946470307189663e-05,7.913303707067394e-05
74,0.07003568981015869,0.12456502247373905,3.2973452504589225,0.1712789589630973,0.18304427321292205,0.6296894216823388,0.00010613086005949122,0.10055358763950943,-15.352300985079681,1.1324599181217692,0.5789898827428605,0.38475202507351036,0.13324922988033516,0.33328927263612257,-0.11635856992348803,0.2747048723124338,0.3420425678761093,0.06076826942454763,-0.1756151724071359,0.09526165923906442,0.12293223467515046,7.144812775362137e-05,1.6016902506333363e-05,2.4941446089347797e-05,7.010394776412002e-05,4.219361157239541e-05,6.205817001604483e-05,4.947876937714966e-05,4.413485489707462e-05,3.533909838380517e-05,4.02610814015424e-05,3.2843360960356864e-05,3.345314891706933e-05,1.648852478243355e-05
75,0.06522958071148215,0.1258615660657641,3.3133378384686254,0.14742031912832534,0.16461389665346748,0.6347904904722274,8.145442638426443e-05,0.10664127164954876,-14.939580070570777,1.0896201935671215,0.2510500675932345,0.4929720042668166,0.4296618311176395,0.31491384810778683,-0.20489464471883934,0.09100445217515125,0.33979842241910685,0.4469985178558021,-0.11061653236543217,-0.006798560543183195,0.02166408856581692,6.279507830735371e-05,0.00014795402320834638,6.737877541253743e-05,3.504285144694975e-05,5.186692526323264e-05,0.00010704241246225776,3.7312319190298905e-05,2.5410095119411238e-05,4.0022521191169545e-05,6.087074428333605e-05,8.077543958768193e-05,1.3539896485587739e-05,3.5815525331409635e-05
76,0.07004459001219328,0.12220307360835989,3.294194087254289,0.16269547215934962,0.17528299094448477,0.6641791117797472,0.00010088402764619186,0.10573345912173587,-15.244811185238499,1.0316366467193965,0.3927048358349036,0.4300065657002055,0.20786368365142388,0.40382032184415273,-0.10685391948750944,0.37187273908149543,0.38641372115287315,-0.07850602668024498,-0.32626498894316197,0.2312758344594586,0.13734973247850119,5.786554157863813e-05,0.00015059438516164662,2.6921469813136032e-05,1.7907478503298504e-05,0.00012500172932489216,4.3053264395353155e-05,4.4781414862591936e-05,9.624721083593087e-06,4.778755840047452e-05,8.095526348542942e-05,2.9337423286241955e-05,3.472028492657901e-05,4.113645574667044e-05
77,0.06374324697170626,0.12777500437907022,3.3153525379108966,0.14278235923227905,0.15589906599572606,0.5635508602890853,8.593823363359244e-05,0.08992684099040567,-15.3030569326281,1.0991500745947809,0.3134157932171562,0.6739391353452089,0.22853955482574412,0.22258411231095257,0.029260821521496942,0.38315070559186637,0.2561399158099013,0.0007240659332312729,-0.1873006604367081,0.24479501060795983,0.0458707521502489,3.867088548390876e-05,3.0912362673611064e-05,2.7599377351027427e-05,3.101398124546588e-05,2.8211610757571242e-05,4.692572571154922e-05,4.157798982570475e-05,8.771380347192775e-06,7.002167629734626e-05,3.603610432444901e-05,1.5112702431448048e-05,4.487589148044881e-05,1.5113405783316666e-05
78,0.06897656576804294,0.13084785580361777,3.310065111919814,0.16698275562050544,0.1787964854228379,0.7243388687491326,0.00011446751682923676,0.10915110628526674,-15.050890175153489,1.1317018854902503,0.6703416931962193,0.4554397707315791,0.18235842625261023,0.3880117501100588,-0.03832779531899098,0.0902609447058901,0.08236581138839315,0.3548192332480662,0.05541237634128485,0.0011693927778730472,-0.03535401147714293,4.193244643332626e-05,6.223966249478893e-05,3.815287666590184e-05,2.052303916433197e-05,4.673386052556296e-05,0.00010315399710663898,6.390676725793013e-05,9.996975349935322e-06,7.867831893752572e-05,6.132653028151851e-05,8.513316156556717e-05,1.6216140042755033e-05,2.756041205579958e-05
79,0.07865108537963812,0.08407517401073399,3.2905470727494084,0.13922136380436836,0.1495394137004644,0.8117893567953479,9.34082528426403e-05,0.12125527332277185,-15.0327495070382,0.5979006528241537,0.45804355712975775,0.5988684872420931,0.003912435266973336,0.34461212856575907,0.043692189554582095,-0.12481109805894983,0.039997607145746614,0.08770894323455307,-0.20380375339211484,0.11120502767172676,-0.06127922269361781,0.00017942705089697648,1.1297873210507786e-05,7.211682631314723e-05,3.9458936659726e-05,0.00011878306367911998,0.00013036198601587272,0.00018271416545626376,9.448971468977333e-05,0.00018457110829774088,0.000163431702019405,0.0002028058415062419,4.033756349696018e-05,6.327500521854977e-05
80,0.07573181911229385,0.06890215577538666,3.310303813324527,0.14079268161426733,0.15746666829112307,0.677412969051228,6.891740438249977e-05,0.10977411488278538,-15.179435335957328,0.6684583420381466,-0.008391928579934843,0.6520865287254456,-0.09055904243635135,0.13694372658826445,0.07792415280543516,-0.16448311601251905,0.037134568316273486,0.2092885333933681,-0.26053950090299577,0.010276118287215641,-0.06672955555152751,5.9220494289233125e-05,0.0001264827689836008,6.573600469500103e-05,7.670675180666333e-05,0.00025143973089996176,5.8570826438178976e-05,1.8489215334304975e-05,5.543357515116443e-05,0.00041774692097083576,8.01428846463685e-05,0.0002644531864176799,3.512687682473643e-05,0.00011618489837198243
81,0.06830905061544897,0.07959444134866063,3.28692421947276,0.13015325811759865,0.1515066007186745,0.5940232793719913,7.211181565983301e-05,0.1041136367681874,-15.190198322876244,0.8105584602037493,0.24184293004167684,0.6658874844671673,0.022595007521277917,0.15305280959022083,0.11793013140451383,-0.2945755090542098,0.03908179319960329,0.413746473937718,-0.21534634155640484,-0.07201297333697533,0.018597059232382314,3.882059486416423e-05,0.0001152648947928039,3.398836007860339e-05,4.69401656726693e-05,7.241687784582883e-05,0.00012817161935308052,6.057462046899366e-05,3.195567932784972e-05,0.0004885367799061566,0.00023781351813737818,9.529361813081739e-05,6.345103606548019e-05,0.000124636207316108
82,0.045328728962147444,0.10216153311151654,3.310834678229175,0.12148947554296388,0.15273700803788487,0.36299429078455203,0.00011100052934914628,0.06449028996600153,-15.541628066867503,1.4489568567651583,0.5122298346604202,0.5579918233222771,0.20860046065457422,0.35789261285449436,0.32237871080368863,0.013091110984972835,0.06083458523158141,0.3157445840498836,-0.1493165056776481,-0.22187267388683712,0.12241636280604437,4.8266988858459806e-05,6.965776386831004e-05,9.929518118904936e-05,3.6080020317925436e-05,4.843557017113814e-05,5.8744997809903244e-05,3.9393970079215145e-05,4.9284209321958575e-05,9.602021144017419e-05,4.8144636406522355e-05,5.797563182308712e-05,1.917894503234063e-05,2.2222462787946103e-05
83,0.036072518846177806,0.10676766140376052,3.309766784618293,0.12266384882819466,0.159642920304553,0.2661695649565771,0.00012809553026552628,0.02342512326670108,-16.304078491929754,1.6661073050431725,0.839020473038556,0.4291004273439382,0.30430662502443595,0.6359767519351519,0.2130331645296045,0.33103264296604895,0.015415795118243578,0.04776825062184252,-0.10208651734507283,-0.1308861578310601,0.13552824035503538,8.73881929435461e-05,1.5734176020349015e-05,2.833727625342755e-05,1.2172531287280796e-05,1.9243234478826182e-05,1.2108426807217927e-05,1.6760126774029024e-05,1.5452828912805176e-05,1.796735898837362e-05,3.3321087755086226e-05,3.5719502742321326e-05,1.760284730622144e-05,1.9976874873898983e-05
84,0.0362683232909387,0.1067788485653823,3.304631742259041,0.12115448638576956,0.15765189378949895,0.26559657072217235,0.0001326873123366743,0.023603125723134978,-16.265120458092653,1.6463111812748195,0.7707550502374871,0.4247378239387748,0.3384746739180927,0.6525361683434219,0.21499818407099683,0.2797919687743445,-0.013832694375086427,0.08470785753599125,-0.07197745745391945,-0.15043346721956868,0.1349325640025585,4.25714933817846e-05,2.4524565303821997e-05,6.040024753537657e-05,1.9878945824842615e-05,1.5926674663536907e-05,1.697847875234895e-05,1.3579345728619575e-05,3.251517147933825e-05,1.0927307010658988e-05,2.0723598842542714e-05,4.626990199428056e-05,1.9180928250707473e-05,1.4658997476459819e-05
85,0.03719394430253567,0.10508174663212733,3.313926244225203,0.12735708819182562,0.16168955465050933,0.2854266637459354,0.00014161466054240138,0.02504494562024956,-16.270848927859163,1.6668187556833551,0.7687121824668057,0.3908825922907116,0.30586463766364114,0.653503330774259,0.19830512045857934,0.23653758573009687,0.028752499811880022,0.10558064013751482,-0.030138684290064555,-0.16324718017368983,0.0896474090571482,4.04490129008334e-05,9.641986661933543e-06,1.0025610953628938e-05,1.1473258110880073e-05,1.661863366432256e-05,3.552296405271072e-05,2.053868334134314e-05,3.606977141974801e-05,8.229817155836683e-06,2.9708102021177596e-05,6.4352422747459485e-06,2.981872816898642e-05,1.191695167951676e-05
86,0.0461297471452602,0.10687400385357754,3.311113154953955,0.14649768526370993,0.17592813481760639,0.34012462046058295,0.0001352515511363665,0.028693995977144483,-16.275613032849588,1.622166888077126,0.8422820689254313,0.48589266522876573,0.29925068493483925,0.5770671283823876,0.20550198789331559,0.2823595675318149,0.06715039438285586,0.1442411745365611,0.0015303830397503417,-0.08161675937794244,0.08412534979009001,4.944615932404503e-05,1.0649136376726334e-05,2.6906037504486356e-05,2.8304940531611552e-05,4.020055771509495e-05,3.1493791710653564e-05,4.0899411882238645e-05,1.3176145107594064e-05,1.2674337025855526e-05,3.834640053905175e-05,1.793975919467384e-05,1.171515418287577e-05,1.2912825415008662e-05
87,0.04719777138941054,0.10425126463126251,3.2907634964077004,0.1484607456359456,0.17788538871386667,0.33964818477666037,0.00010984580934468593,0.02481354242688549,-16.33419966598417,1.6786668586900113,0.8380964055216217,0.37547025837893866,0.257143717042559,0.5693653420008156,0.22097383213485766,0.2515694078554984,0.014585021517787379,0.07867808280675476,-0.0654172894246938,-0.09206962829564441,0.0802149596013215,2.413486536939111e-05,6.121028813282759e-05,1.0908127221552618e-05,2.520559982620979e-05,9.383407259610348e-06,2.4818057728933225e-05,2.3636756116190525e-05,2.5458089267647828e-05,5.826525526977636e-06,0.00013732526681237256,2.4351214926768238e-05,2.3786113536835612e-05,3.412514823506212e-05
88,0.04291677421077458,0.1130244979726771,3.312215351429763,0.14447256666147945,0.17548736000693402,0.30499986023947373,0.00012719232237262278,0.022730913686608876,-16.325259636898764,1.6864724971057772,0.821150987984587,0.4831617984046035,0.38083362300557067,0.5819972633943922,0.17480753686068548,0.25512071325087604,0.05520768386552381,0.10505551190162957,-0.03129116011141908,-0.09106250610018844,0.11042440638961021,2.1674768028673312e-05,4.749515104666464e-06,2.2434514142144524e-05,2.2935284339865783e-05,2.3760002991398663e-05,4.124666837428283e-05,2.8275694351991834e-05,1.5760137021607753e-05,1.395175317093982e-05,3.1051589601876895e-05,5.3489390237495745e-06,2.0388421562272895e-05,9.850130713664797e-06
89,0.058590029993680855,0.02881764949445282,1.9735690212162937,0.12888541752114988,0.16962481170287325,0.28486226583415764,0.00012866768536549884,0.025703554709054985,-17.823809461903203,1.9587523463530179,0.6991827127711812,0.16803851321908334,0.1793857222046712,0.5238773167358939,0.19331222781773902,0.29583165917576815,-0.012968043906750739,0.16187084961354672,-0.05297032705706188,-0.12765049871626444,0.04729082593059426,3.708371678117751e-05,6.961423560470728e-05,2.150561074323057e-05,4.382757690858805e-05,2.5247861998169896e-05,3.440670745107888e-05,2.089063477609475e-05,1.300546137828703e-05,1.725072063180987e-05,1.8470772392240964e-05,3.482612692820761e-05,1.4481902559704038e-05,1.5407910490586544e-05
